Workbook
Name Slicer_Discount_Category: #N/A
Name Slicer_Price_Category: #N/A

Sheet jumia_clean_dataset
A1: Product | B1: Current_price | C1: Old_price | D1: Discount | E1: Review | F1: Rating | G1: Discount | H1: Price_Category | I1: Discount_Category | J1: Rating Category
A2: 115 Piece Set Of Multifunctional Precision Screwdrivers | B2: 950 | C2: 1525 | D2: 0.38 | E2: 2 | F2: 4.5 | G2: =C2-B2 -> 575 | H2: =IF(B2<=500, "Budget", IF(B2<=1500, "Mid-Range", "Premium")) -> Mid-Range | I2: =IF(D2<0.2, "Low ", IF(D2<=0.4, "Medium", "High")) -> Medium | J2: {=_xlfn.IFS(F2="Not Rated", "Not Rated", F2<3, "Poor", F2<=4, "Average", F2<=4.5, "Good", F2>4.5, "Excellent")} -> Good
A3: Metal Decorative Hooks Key Hangers Entryway Wall Hooks Towel Hooks - Home | B3: 527 | C3: 999 | D3: 0.47 | E3: 14 | F3: 4.1 | G3: =C3-B3 -> 472 | H3: =IF(B3<=500, "Budget", IF(B3<=1500, "Mid-Range", "Premium")) -> Mid-Range | I3: =IF(D3<0.2, "Low ", IF(D3<=0.4, "Medium", "High")) -> High | J3: {=_xlfn.IFS(F3="Not Rated", "Not Rated", F3<3, "Poor", F3<=4, "Average", F3<=4.5, "Good", F3>4.5, "Excellent")} -> Good
A4: Portable Mini Cordless Car Vacuum Cleaner - Blue | B4: 2199 | C4: 2923 | D4: 0.25 | E4: 24 | F4: 4.6 | G4: =C4-B4 -> 724 | H4: =IF(B4<=500, "Budget", IF(B4<=1500, "Mid-Range", "Premium")) -> Premium | I4: =IF(D4<0.2, "Low ", IF(D4<=0.4, "Medium", "High")) -> Medium | J4: {=_xlfn.IFS(F4="Not Rated", "Not Rated", F4<3, "Poor", F4<=4, "Average", F4<=4.5, "Good", F4>4.5, "Excellent")} -> Excellent
A5: Weighing Scale Digital Bathroom Body Fat Scale USB-Black | B5: 1580 | C5: 2499 | D5: 0.37 | E5: 7 | F5: 4.7 | G5: =C5-B5 -> 919 | H5: =IF(B5<=500, "Budget", IF(B5<=1500, "Mid-Range", "Premium")) -> Premium | I5: =IF(D5<0.2, "Low ", IF(D5<=0.4, "Medium", "High")) -> Medium | J5: {=_xlfn.IFS(F5="Not Rated", "Not Rated", F5<3, "Poor", F5<=4, "Average", F5<=4.5, "Good", F5>4.5, "Excellent")} -> Excellent
A6: Portable Home Small Air Humidifier 3-Speed Fan - Green | B6: 1740 | C6: 2356 | D6: 0.26 | E6: 5 | F6: 4.8 | G6: =C6-B6 -> 616 | H6: =IF(B6<=500, "Budget", IF(B6<=1500, "Mid-Range", "Premium")) -> Premium | I6: =IF(D6<0.2, "Low ", IF(D6<=0.4, "Medium", "High")) -> Medium | J6: {=_xlfn.IFS(F6="Not Rated", "Not Rated", F6<3, "Poor", F6<=4, "Average", F6<=4.5, "Good", F6>4.5, "Excellent")} -> Excellent
A7: 220V 60W Electric Soldering Iron Kits With Tools, Tips, And Multimeter | B7: 2999 | C7: 3290 | D7: 0.09 | E7: 15 | F7: 4 | G7: =C7-B7 -> 291 | H7: =IF(B7<=500, "Budget", IF(B7<=1500, "Mid-Range", "Premium")) -> Premium | I7: =IF(D7<0.2, "Low ", IF(D7<=0.4, "Medium", "High")) -> Low | J7: {=_xlfn.IFS(F7="Not Rated", "Not Rated", F7<3, "Poor", F7<=4, "Average", F7<=4.5, "Good", F7>4.5, "Excellent")} -> Average
A8: 137 Pieces Cake Decorating Tool Set Baking Supplies | B8: 2319 | C8: 3032 | D8: 0.24 | E8: 55 | F8: 4.6 | G8: =C8-B8 -> 713 | H8: =IF(B8<=500, "Budget", IF(B8<=1500, "Mid-Range", "Premium")) -> Premium | I8: =IF(D8<0.2, "Low ", IF(D8<=0.4, "Medium", "High")) -> Medium | J8: {=_xlfn.IFS(F8="Not Rated", "Not Rated", F8<3, "Poor", F8<=4, "Average", F8<=4.5, "Good", F8>4.5, "Excellent")} -> Excellent
A9: Desk Foldable Fan Adjustable Fan Strong Wind 3 Gear Usb | B9: 988 | C9: 1580 | D9: 0.37 | E9: 2 | F9: 4 | G9: =C9-B9 -> 592 | H9: =IF(B9<=500, "Budget", IF(B9<=1500, "Mid-Range", "Premium")) -> Mid-Range | I9: =IF(D9<0.2, "Low ", IF(D9<=0.4, "Medium", "High")) -> Medium | J9: {=_xlfn.IFS(F9="Not Rated", "Not Rated", F9<3, "Poor", F9<=4, "Average", F9<=4.5, "Good", F9>4.5, "Excellent")} -> Average
A10: LASA FOLDING TABLE SERVING STAND | B10: 1274 | C10: 2800 | D10: 0.55 | E10: 5 | F10: 4.8 | G10: =C10-B10 -> 1526 | H10: =IF(B10<=500, "Budget", IF(B10<=1500, "Mid-Range", "Premium")) -> Mid-Range | I10: =IF(D10<0.2, "Low ", IF(D10<=0.4, "Medium", "High")) -> High | J10: {=_xlfn.IFS(F10="Not Rated", "Not Rated", F10<3, "Poor", F10<=4, "Average", F10<=4.5, "Good", F10>4.5, "Excellent")} -> Excellent
A11: 13 In 1 Home Repair Tools Box Kit Set | B11: 1600 | C11: 2929 | D11: 0.45 | E11: 5 | F11: 3.8 | G11: =C11-B11 -> 1329 | H11: =IF(B11<=500, "Budget", IF(B11<=1500, "Mid-Range", "Premium")) -> Premium | I11: =IF(D11<0.2, "Low ", IF(D11<=0.4, "Medium", "High")) -> High | J11: {=_xlfn.IFS(F11="Not Rated", "Not Rated", F11<3, "Poor", F11<=4, "Average", F11<=4.5, "Good", F11>4.5, "Excellent")} -> Average
A12: Genebre 115 In 1 Screwdriver Repairing Tool Set For IPhone Cellphone Hand Tool | B12: 799 | C12: 999 | D12: 0.2 | E12: 12 | F12: 4.1 | G12: =C12-B12 -> 200 | H12: =IF(B12<=500, "Budget", IF(B12<=1500, "Mid-Range", "Premium")) -> Mid-Range | I12: =IF(D12<0.2, "Low ", IF(D12<=0.4, "Medium", "High")) -> Medium | J12: {=_xlfn.IFS(F12="Not Rated", "Not Rated", F12<3, "Poor", F12<=4, "Average", F12<=4.5, "Good", F12>4.5, "Excellent")} -> Good
A13: 100 Pcs Crochet Hook Tool Set Knitting Hook Set With Box | B13: 990 | C13: 1500 | D13: 0.34 | E13: 39 | F13: 4.7 | G13: =C13-B13 -> 510 | H13: =IF(B13<=500, "Budget", IF(B13<=1500, "Mid-Range", "Premium")) -> Mid-Range | I13: =IF(D13<0.2, "Low ", IF(D13<=0.4, "Medium", "High")) -> Medium | J13: {=_xlfn.IFS(F13="Not Rated", "Not Rated", F13<3, "Poor", F13<=4, "Average", F13<=4.5, "Good", F13>4.5, "Excellent")} -> Excellent
... A22: 3PCS Single Head Knitting Crochet Sweater Needle Set | B22: 38 | C22: 80 | D22: 0.53 | E22: 13 | F22: 3.3 | G22: =C22-B22 -> 42 | H22: =IF(B22<=500, "Budget", IF(B22<=1500, "Mid-Range", "Premium")) -> Budget | I22: =IF(D22<0.2, "Low ", IF(D22<=0.4, "Medium", "High")) -> High | J22: {=_xlfn.IFS(F22="Not Rated", "Not Rated", F22<3, "Poor", F22<=4, "Average", F22<=4.5, "Good", F22>4.5, "Excellent")} -> Average
A23: 4pcs Bathroom/Kitchen Towel Rack,Roll Paper Holder,Towel Bars,Hook | B23: 1860 | C23: 3220 | D23: 0.42 | E23: 0 | F23: Not Rated | G23: =C23-B23 -> 1360 | H23: =IF(B23<=500, "Budget", IF(B23<=1500, "Mid-Range", "Premium")) -> Premium | I23: =IF(D23<0.2, "Low ", IF(D23<=0.4, "Medium", "High")) -> High | J23: {=_xlfn.IFS(F23="Not Rated", "Not Rated", F23<3, "Poor", F23<=4, "Average", F23<=4.5, "Good", F23>4.5, "Excellent")} -> Not Rated
A24: LED Romantic Spaceship Starry Sky Projector,Children's Bedroom Night Light-Blue | B24: 880 | C24: 1350 | D24: 0.35 | E24: 6 | F24: 4 | G24: =C24-B24 -> 470 | H24: =IF(B24<=500, "Budget", IF(B24<=1500, "Mid-Range", "Premium")) -> Mid-Range | I24: =IF(D24<0.2, "Low ", IF(D24<=0.4, "Medium", "High")) -> Medium | J24: {=_xlfn.IFS(F24="Not Rated", "Not Rated", F24<3, "Poor", F24<=4, "Average", F24<=4.5, "Good", F24>4.5, "Excellent")} -> Average
A25: Foldable Overbed Table/Desk | B25: 1650 | C25: 2150 | D25: 0.23 | E25: 14 | F25: 4.4 | G25: =C25-B25 -> 500 | H25: =IF(B25<=500, "Budget", IF(B25<=1500, "Mid-Range", "Premium")) -> Premium | I25: =IF(D25<0.2, "Low ", IF(D25<=0.4, "Medium", "High")) -> Medium | J25: {=_xlfn.IFS(F25="Not Rated", "Not Rated", F25<3, "Poor", F25<=4, "Average", F25<=4.5, "Good", F25>4.5, "Excellent")} -> Good
A26: LASA 3 Tier Bamboo Shoe Bench Storage Shelf | B26: 2048 | C26: 4500 | D26: 0.54 | E26: 7 | F26: 4.3 | G26: =C26-B26 -> 2452 | H26: =IF(B26<=500, "Budget", IF(B26<=1500, "Mid-Range", "Premium")) -> Premium | I26: =IF(D26<0.2, "Low ", IF(D26<=0.4, "Medium", "High")) -> High | J26: {=_xlfn.IFS(F26="Not Rated", "Not Rated", F26<3, "Poor", F26<=4, "Average", F26<=4.5, "Good", F26>4.5, "Excellent")} -> Good
A27: Electronic Digital Display Vernier Caliper | B27: 420 | C27: 647 | D27: 0.35 | E27: 49 | F27: 4.6 | G27: =C27-B27 -> 227 | H27: =IF(B27<=500, "Budget", IF(B27<=1500, "Mid-Range", "Premium")) -> Budget | I27: =IF(D27<0.2, "Low ", IF(D27<=0.4, "Medium", "High")) -> Medium | J27: {=_xlfn.IFS(F27="Not Rated", "Not Rated", F27<3, "Poor", F27<=4, "Average", F27<=4.5, "Good", F27>4.5, "Excellent")} -> Excellent
A28: Portable Wardrobe Nonwoven With 3 Hanging Rods And 6 Storage Shelves | B28: 2880 | C28: 3520 | D28: 0.18 | E28: 12 | F28: 3.8 | G28: =C28-B28 -> 640 | H28: =IF(B28<=500, "Budget", IF(B28<=1500, "Mid-Range", "Premium")) -> Premium | I28: =IF(D28<0.2, "Low ", IF(D28<=0.4, "Medium", "High")) -> Low | J28: {=_xlfn.IFS(F28="Not Rated", "Not Rated", F28<3, "Poor", F28<=4, "Average", F28<=4.5, "Good", F28>4.5, "Excellent")} -> Average
A29: 12 Litre Black Insulated Lunch Box | B29: 1350 | C29: 1990 | D29: 0.32 | E29: 13 | F29: 3.8 | G29: =C29-B29 -> 640 | H29: =IF(B29<=500, "Budget", IF(B29<=1500, "Mid-Range", "Premium")) -> Mid-Range | I29: =IF(D29<0.2, "Low ", IF(D29<=0.4, "Medium", "High")) -> Medium | J29: {=_xlfn.IFS(F29="Not Rated", "Not Rated", F29<3, "Poor", F29<=4, "Average", F29<=4.5, "Good", F29>4.5, "Excellent")} -> Average
A30: 52 Pieces Cake Decorating Tool Set Gift Kit Baking Supplies | B30: 1758 | C30: 2499 | D30: 0.3 | E30: 20 | F30: 4.1 | G30: =C30-B30 -> 741 | H30: =IF(B30<=500, "Budget", IF(B30<=1500, "Mid-Range", "Premium")) -> Premium | I30: =IF(D30<0.2, "Low ", IF(D30<=0.4, "Medium", "High")) -> Medium | J30: {=_xlfn.IFS(F30="Not Rated", "Not Rated", F30<3, "Poor", F30<=4, "Average", F30<=4.5, "Good", F30>4.5, "Excellent")} -> Good
A31: MultiFunctional Storage Rack Multi-layer Bookshelf | B31: 2200 | C31: 4080 | D31: 0.46 | E31: 0 | F31: Not Rated | G31: =C31-B31 -> 1880 | H31: =IF(B31<=500, "Budget", IF(B31<=1500, "Mid-Range", "Premium")) -> Premium | I31: =IF(D31<0.2, "Low ", IF(D31<=0.4, "Medium", "High")) -> High | J31: {=_xlfn.IFS(F31="Not Rated", "Not Rated", F31<3, "Poor", F31<=4, "Average", F31<=4.5, "Good", F31>4.5, "Excellent")} -> Not Rated
A32: Exfoliate And Exfoliate Face Towel - Black | B32: 185 | C32: 382 | D32: 0.52 | E32: 9 | F32: 4.3 | G32: =C32-B32 -> 197 | H32: =IF(B32<=500, "Budget", IF(B32<=1500, "Mid-Range", "Premium")) -> Budget | I32: =IF(D32<0.2, "Low ", IF(D32<=0.4, "Medium", "High")) -> High | J32: {=_xlfn.IFS(F32="Not Rated", "Not Rated", F32<3, "Poor", F32<=4, "Average", F32<=4.5, "Good", F32>4.5, "Excellent")} -> Good
A33: 12 Litre Insulated Lunch Box Grey | B33: 980 | C33: 1490 | D33: 0.34 | E33: 12 | F33: 4.7 | G33: =C33-B33 -> 510 | H33: =IF(B33<=500, "Budget", IF(B33<=1500, "Mid-Range", "Premium")) -> Mid-Range | I33: =IF(D33<0.2, "Low ", IF(D33<=0.4, "Medium", "High")) -> Medium | J33: {=_xlfn.IFS(F33="Not Rated", "Not Rated", F33<3, "Poor", F33<=4, "Average", F33<=4.5, "Good", F33>4.5, "Excellent")} -> Excellent
A34: LED Eye Protection Desk Lamp , Study, Reading, USB Fan - Double Pen Holder | B34: 1820 | C34: 3490 | D34: 0.48 | E34: 9 | F34: 4.3 | G34: =C34-B34 -> 1670 | H34: =IF(B34<=500, "Budget", IF(B34<=1500, "Mid-Range", "Premium")) -> Premium | I34: =IF(D34<0.2, "Low ", IF(D34<=0.4, "Medium", "High")) -> High | J34: {=_xlfn.IFS(F34="Not Rated", "Not Rated", F34<3, "Poor", F34<=4, "Average", F34<=4.5, "Good", F34>4.5, "Excellent")} -> Good
A35: 53Pcs/Set Yarn Knitting Crochet Hooks With Bag - Fortune Cat | B35: 1940 | C35: 2650 | D35: 0.27 | E35: 20 | F35: 4.7 | G35: =C35-B35 -> 710 | H35: =IF(B35<=500, "Budget", IF(B35<=1500, "Mid-Range", "Premium")) -> Premium | I35: =IF(D35<0.2, "Low ", IF(D35<=0.4, "Medium", "High")) -> Medium | J35: {=_xlfn.IFS(F35="Not Rated", "Not Rated", F35<3, "Poor", F35<=4, "Average", F35<=4.5, "Good", F35>4.5, "Excellent")} -> Excellent
A36: 53 Pieces/Set Yarn Knitting Crochet Hooks With Bag - Pansies | B36: 1980 | C36: 2699 | D36: 0.27 | E36: 32 | F36: 4.5 | G36: =C36-B36 -> 719 | H36: =IF(B36<=500, "Budget", IF(B36<=1500, "Mid-Range", "Premium")) -> Premium | I36: =IF(D36<0.2, "Low ", IF(D36<=0.4, "Medium", "High")) -> Medium | J36: {=_xlfn.IFS(F36="Not Rated", "Not Rated", F36<3, "Poor", F36<=4, "Average", F36<=4.5, "Good", F36>4.5, "Excellent")} -> Good
A37: DIY File Folder, Office Drawer File Holder, Pen Holder, Desktop Storage Rack | B37: 1620 | C37: 2690 | D37: 0.4 | E37: 1 | F37: 5 | G37: =C37-B37 -> 1070 | H37: =IF(B37<=500, "Budget", IF(B37<=1500, "Mid-Range", "Premium")) -> Premium | I37: =IF(D37<0.2, "Low ", IF(D37<=0.4, "Medium", "High")) -> Medium | J37: {=_xlfn.IFS(F37="Not Rated", "Not Rated", F37<3, "Poor", F37<=4, "Average", F37<=4.5, "Good", F37>4.5, "Excellent")} -> Excellent
A38: Classic Black Cat Cotton Hemp Pillow Case For Home Car | B38: 171 | C38: 360 | D38: 0.53 | E38: 2 | F38: 5 | G38: =C38-B38 -> 189 | H38: =IF(B38<=500, "Budget", IF(B38<=1500, "Mid-Range", "Premium")) -> Budget | I38: =IF(D38<0.2, "Low ", IF(D38<=0.4, "Medium", "High")) -> High | J38: {=_xlfn.IFS(F38="Not Rated", "Not Rated", F38<3, "Poor", F38<=4, "Average", F38<=4.5, "Good", F38>4.5, "Excellent")} -> Excellent
A39: Punch-free Great Load Bearing Bathroom Storage Rack Wall Shelf-White | B39: 389 | C39: 656 | D39: 0.41 | E39: 36 | F39: 4.3 | G39: =C39-B39 -> 267 | H39: =IF(B39<=500, "Budget", IF(B39<=1500, "Mid-Range", "Premium")) -> Budget | I39: =IF(D39<0.2, "Low ", IF(D39<=0.4, "Medium", "High")) -> High | J39: {=_xlfn.IFS(F39="Not Rated", "Not Rated", F39<3, "Poor", F39<=4, "Average", F39<=4.5, "Good", F39>4.5, "Excellent")} -> Good
A40: 1/2/3 Seater Elastic Sofa Cover,Living Room/Home Decor Chair Cover-Grey | B40: 1800 | C40: 2700 | D40: 0.38 | E40: 2 | F40: 4.5 | G40: =C40-B40 -> 900 | H40: =IF(B40<=500, "Budget", IF(B40<=1500, "Mid-Range", "Premium")) -> Premium | I40: =IF(D40<0.2, "Low ", IF(D40<=0.4, "Medium", "High")) -> Medium | J40: {=_xlfn.IFS(F40="Not Rated", "Not Rated", F40<3, "Poor", F40<=4, "Average", F40<=4.5, "Good", F40>4.5, "Excellent")} -> Good
A41: LASA Stainless Steel Double Wall Mount Soap Dispenser - 500ml | B41: 2750 | C41: 4471 | D41: 0.38 | E41: 0 | F41: Not Rated | G41: =C41-B41 -> 1721 | H41: =IF(B41<=500, "Budget", IF(B41<=1500, "Mid-Range", "Premium")) -> Premium | I41: =IF(D41<0.2, "Low ", IF(D41<=0.4, "Medium", "High")) -> Medium | J41: {=_xlfn.IFS(F41="Not Rated", "Not Rated", F41<3, "Poor", F41<=4, "Average", F41<=4.5, "Good", F41>4.5, "Excellent")} -> Not Rated
A42: 4M Float Switch Water Level Controller -Water Tank | B42: 475 | C42: 931 | D42: 0.49 | E42: 0 | F42: Not Rated | G42: =C42-B42 -> 456 | H42: =IF(B42<=500, "Budget", IF(B42<=1500, "Mid-Range", "Premium")) -> Budget | I42: =IF(D42<0.2, "Low ", IF(D42<=0.4, "Medium", "High")) -> High | J42: {=_xlfn.IFS(F42="Not Rated", "Not Rated", F42<3, "Poor", F42<=4, "Average", F42<=4.5, "Good", F42>4.5, "Excellent")} -> Not Rated
A43: Modern Sofa Throw Pillow Cover-45x45cm-Blue&Red | B43: 238 | C43: 476 | D43: 0.5 | E43: 0 | F43: Not Rated | G43: =C43-B43 -> 238 | H43: =IF(B43<=500, "Budget", IF(B43<=1500, "Mid-Range", "Premium")) -> Budget | I43: =IF(D43<0.2, "Low ", IF(D43<=0.4, "Medium", "High")) -> High | J43: {=_xlfn.IFS(F43="Not Rated", "Not Rated", F43<3, "Poor", F43<=4, "Average", F43<=4.5, "Good", F43>4.5, "Excellent")} -> Not Rated
A44: Balloon Insert, Birthday Party Balloon Set, PU Leather | B44: 610 | C44: 1060 | D44: 0.42 | E44: 0 | F44: Not Rated | G44: =C44-B44 -> 450 | H44: =IF(B44<=500, "Budget", IF(B44<=1500, "Mid-Range", "Premium")) -> Mid-Range | I44: =IF(D44<0.2, "Low ", IF(D44<=0.4, "Medium", "High")) -> High | J44: {=_xlfn.IFS(F44="Not Rated", "Not Rated", F44<3, "Poor", F44<=4, "Average", F44<=4.5, "Good", F44>4.5, "Excellent")} -> Not Rated
A45: Shower Cap Wide Elastic Band Cover Reusable Bashroom Cap | B45: 2132 | C45: 2169 | D45: 0.02 | E45: 0 | F45: Not Rated | G45: =C45-B45 -> 37 | H45: =IF(B45<=500, "Budget", IF(B45<=1500, "Mid-Range", "Premium")) -> Premium | I45: =IF(D45<0.2, "Low ", IF(D45<=0.4, "Medium", "High")) -> Low | J45: {=_xlfn.IFS(F45="Not Rated", "Not Rated", F45<3, "Poor", F45<=4, "Average", F45<=4.5, "Good", F45>4.5, "Excellent")} -> Not Rated
A46: Christmas Elk Fence Yard Lawn Decorations Cute For Holidays | B46: 999 | C46: 2000 | D46: 0.5 | E46: 0 | F46: Not Rated | G46: =C46-B46 -> 1001 | H46: =IF(B46<=500, "Budget", IF(B46<=1500, "Mid-Range", "Premium")) -> Mid-Range | I46: =IF(D46<0.2, "Low ", IF(D46<=0.4, "Medium", "High")) -> High | J46: {=_xlfn.IFS(F46="Not Rated", "Not Rated", F46<3, "Poor", F46<=4, "Average", F46<=4.5, "Good", F46>4.5, "Excellent")} -> Not Rated
A47: 60W Hot Melt Glue Sprayer - Efficient And Stable Glue Dispensing | B47: 1190 | C47: 1785 | D47: 0.33 | E47: 0 | F47: Not Rated | G47: =C47-B47 -> 595 | H47: =IF(B47<=500, "Budget", IF(B47<=1500, "Mid-Range", "Premium")) -> Mid-Range | I47: =IF(D47<0.2, "Low ", IF(D47<=0.4, "Medium", "High")) -> Medium | J47: {=_xlfn.IFS(F47="Not Rated", "Not Rated", F47<3, "Poor", F47<=4, "Average", F47<=4.5, "Good", F47>4.5, "Excellent")} -> Not Rated
A48: Car Phone Charging Stand | B48: 671 | C48: 1316 | D48: 0.49 | E48: 0 | F48: Not Rated | G48: =C48-B48 -> 645 | H48: =IF(B48<=500, "Budget", IF(B48<=1500, "Mid-Range", "Premium")) -> Mid-Range | I48: =IF(D48<0.2, "Low ", IF(D48<=0.4, "Medium", "High")) -> High | J48: {=_xlfn.IFS(F48="Not Rated", "Not Rated", F48<3, "Poor", F48<=4, "Average", F48<=4.5, "Good", F48>4.5, "Excellent")} -> Not Rated
A49: 2pcs Solar Street Light Flood Light Outdoor | B49: 1200 | C49: 1950 | D49: 0.38 | E49: 0 | F49: Not Rated | G49: =C49-B49 -> 750 | H49: =IF(B49<=500, "Budget", IF(B49<=1500, "Mid-Range", "Premium")) -> Mid-Range | I49: =IF(D49<0.2, "Low ", IF(D49<=0.4, "Medium", "High")) -> Medium | J49: {=_xlfn.IFS(F49="Not Rated", "Not Rated", F49<3, "Poor", F49<=4, "Average", F49<=4.5, "Good", F49>4.5, "Excellent")} -> Not Rated
A50: Creative Owl Shape Keychain Black | B50: 199 | C50: 504 | D50: 0.61 | E50: 0 | F50: Not Rated | G50: =C50-B50 -> 305 | H50: =IF(B50<=500, "Budget", IF(B50<=1500, "Mid-Range", "Premium")) -> Budget | I50: =IF(D50<0.2, "Low ", IF(D50<=0.4, "Medium", "High")) -> High | J50: {=_xlfn.IFS(F50="Not Rated", "Not Rated", F50<3, "Poor", F50<=4, "Average", F50<=4.5, "Good", F50>4.5, "Excellent")} -> Not Rated
A51: Brush & Paintbrush Cleaning Tool Pink | B51: 299 | C51: 600 | D51: 0.5 | E51: 0 | F51: Not Rated | G51: =C51-B51 -> 301 | H51: =IF(B51<=500, "Budget", IF(B51<=1500, "Mid-Range", "Premium")) -> Budget | I51: =IF(D51<0.2, "Low ", IF(D51<=0.4, "Medium", "High")) -> High | J51: {=_xlfn.IFS(F51="Not Rated", "Not Rated", F51<3, "Poor", F51<=4, "Average", F51<=4.5, "Good", F51>4.5, "Excellent")} -> Not Rated
A52: Pen Grips For Kids Pen Grip Posture Correction Tool For Kids | B52: 1660 | C52: 1699 | D52: 0.02 | E52: 0 | F52: Not Rated | G52: =C52-B52 -> 39 | H52: =IF(B52<=500, "Budget", IF(B52<=1500, "Mid-Range", "Premium")) -> Premium | I52: =IF(D52<0.2, "Low ", IF(D52<=0.4, "Medium", "High")) -> Low | J52: {=_xlfn.IFS(F52="Not Rated", "Not Rated", F52<3, "Poor", F52<=4, "Average", F52<=4.5, "Good", F52>4.5, "Excellent")} -> Not Rated
... A60: Simple Metal Dog Art Sculpture Decoration For Home Office | B60: 399 | C60: 896 | D60: 0.55 | E60: 0 | F60: Not Rated | G60: =C60-B60 -> 497 | H60: =IF(B60<=500, "Budget", IF(B60<=1500, "Mid-Range", "Premium")) -> Budget | I60: =IF(D60<0.2, "Low ", IF(D60<=0.4, "Medium", "High")) -> High | J60: {=_xlfn.IFS(F60="Not Rated", "Not Rated", F60<3, "Poor", F60<=4, "Average", F60<=4.5, "Good", F60>4.5, "Excellent")} -> Not Rated
A61: 5 Pieces/set Of Stainless Steel Induction Cooker Pots | B61: 2170 | C61: 2500 | D61: 0.13 | E61: 6 | F61: 2.5 | G61: =C61-B61 -> 330 | H61: =IF(B61<=500, "Budget", IF(B61<=1500, "Mid-Range", "Premium")) -> Premium | I61: =IF(D61<0.2, "Low ", IF(D61<=0.4, "Medium", "High")) -> Low | J61: {=_xlfn.IFS(F61="Not Rated", "Not Rated", F61<3, "Poor", F61<=4, "Average", F61<=4.5, "Good", F61>4.5, "Excellent")} -> Poor
A62: Mythco 120COB Solar Wall Ligt With Motion Sensor And Remote Control 3 Modes | B62: 458 | C62: 986 | D62: 0.54 | E62: 10 | F62: 3 | G62: =C62-B62 -> 528 | H62: =IF(B62<=500, "Budget", IF(B62<=1500, "Mid-Range", "Premium")) -> Budget | I62: =IF(D62<0.2, "Low ", IF(D62<=0.4, "Medium", "High")) -> High | J62: {=_xlfn.IFS(F62="Not Rated", "Not Rated", F62<3, "Poor", F62<=4, "Average", F62<=4.5, "Good", F62>4.5, "Excellent")} -> Average
A63: 5-PCS Stainless Steel Cooking Pot Set With Steamed Slices | B63: 2115 | C63: 4700 | D63: 0.55 | E63: 13 | F63: 2.1 | G63: =C63-B63 -> 2585 | H63: =IF(B63<=500, "Budget", IF(B63<=1500, "Mid-Range", "Premium")) -> Premium | I63: =IF(D63<0.2, "Low ", IF(D63<=0.4, "Medium", "High")) -> High | J63: {=_xlfn.IFS(F63="Not Rated", "Not Rated", F63<3, "Poor", F63<=4, "Average", F63<=4.5, "Good", F63>4.5, "Excellent")} -> Poor
A64: 120W Cordless Vacuum Cleaners Handheld Electric Vacuum Cleaner | B64: 445 | C64: 873 | D64: 0.49 | E64: 69 | F64: 2.8 | G64: =C64-B64 -> 428 | H64: =IF(B64<=500, "Budget", IF(B64<=1500, "Mid-Range", "Premium")) -> Budget | I64: =IF(D64<0.2, "Low ", IF(D64<=0.4, "Medium", "High")) -> High | J64: {=_xlfn.IFS(F64="Not Rated", "Not Rated", F64<3, "Poor", F64<=4, "Average", F64<=4.5, "Good", F64>4.5, "Excellent")} -> Poor
A65: Intelligent LED Body Sensor Wireless Lighting Night Light USB | B65: 325 | C65: 680 | D65: 0.52 | E65: 15 | F65: 2.7 | G65: =C65-B65 -> 355 | H65: =IF(B65<=500, "Budget", IF(B65<=1500, "Mid-Range", "Premium")) -> Budget | I65: =IF(D65<0.2, "Low ", IF(D65<=0.4, "Medium", "High")) -> High | J65: {=_xlfn.IFS(F65="Not Rated", "Not Rated", F65<3, "Poor", F65<=4, "Average", F65<=4.5, "Good", F65>4.5, "Excellent")} -> Poor
A66: VIC Wireless Vacuum Cleaner Dual Use For Home And Car 120W High Power Powerful | B66: 1220 | C66: 1555 | D66: 0.22 | E66: 16 | F66: 2.9 | G66: =C66-B66 -> 335 | H66: =IF(B66<=500, "Budget", IF(B66<=1500, "Mid-Range", "Premium")) -> Mid-Range | I66: =IF(D66<0.2, "Low ", IF(D66<=0.4, "Medium", "High")) -> Medium | J66: {=_xlfn.IFS(F66="Not Rated", "Not Rated", F66<3, "Poor", F66<=4, "Average", F66<=4.5, "Good", F66>4.5, "Excellent")} -> Poor
A67: Artificial Potted Flowers Room Decorative Flowers (2 Pieces) | B67: 990 | C67: 1814 | D67: 0.45 | E67: 6 | F67: 2.2 | G67: =C67-B67 -> 824 | H67: =IF(B67<=500, "Budget", IF(B67<=1500, "Mid-Range", "Premium")) -> Mid-Range | I67: =IF(D67<0.2, "Low ", IF(D67<=0.4, "Medium", "High")) -> High | J67: {=_xlfn.IFS(F67="Not Rated", "Not Rated", F67<3, "Poor", F67<=4, "Average", F67<=4.5, "Good", F67>4.5, "Excellent")} -> Poor
A68: 380ML USB Rechargeable Portable Small Blenders And Juicers | B68: 1000 | C68: 2000 | D68: 0.5 | E68: 7 | F68: 2.3 | G68: =C68-B68 -> 1000 | H68: =IF(B68<=500, "Budget", IF(B68<=1500, "Mid-Range", "Premium")) -> Mid-Range | I68: =IF(D68<0.2, "Low ", IF(D68<=0.4, "Medium", "High")) -> High | J68: {=_xlfn.IFS(F68="Not Rated", "Not Rated", F68<3, "Poor", F68<=4, "Average", F68<=4.5, "Good", F68>4.5, "Excellent")} -> Poor
A69: 32PCS Portable Cordless Drill Set With Cyclic Battery Drive -26 Variable Speed | B69: 3750 | C69: 6143 | D69: 0.39 | E69: 5 | F69: 3 | G69: =C69-B69 -> 2393 | H69: =IF(B69<=500, "Budget", IF(B69<=1500, "Mid-Range", "Premium")) -> Premium | I69: =IF(D69<0.2, "Low ", IF(D69<=0.4, "Medium", "High")) -> Medium | J69: {=_xlfn.IFS(F69="Not Rated", "Not Rated", F69<3, "Poor", F69<=4, "Average", F69<=4.5, "Good", F69>4.5, "Excellent")} -> Average
A70: Agapeon Toothbrush Holder And Toothpaste Dispenser | B70: 382 | C70: 700 | D70: 0.45 | E70: 17 | F70: 2.6 | G70: =C70-B70 -> 318 | H70: =IF(B70<=500, "Budget", IF(B70<=1500, "Mid-Range", "Premium")) -> Budget | I70: =IF(D70<0.2, "Low ", IF(D70<=0.4, "Medium", "High")) -> High | J70: {=_xlfn.IFS(F70="Not Rated", "Not Rated", F70<3, "Poor", F70<=4, "Average", F70<=4.5, "Good", F70>4.5, "Excellent")} -> Poor
A71: Large Lazy Inflatable Sofa Chairs PVC Lounger Seat Bag | B71: 2300 | C71: 3240 | D71: 0.29 | E71: 5 | F71: 3 | G71: =C71-B71 -> 940 | H71: =IF(B71<=500, "Budget", IF(B71<=1500, "Mid-Range", "Premium")) -> Premium | I71: =IF(D71<0.2, "Low ", IF(D71<=0.4, "Medium", "High")) -> Medium | J71: {=_xlfn.IFS(F71="Not Rated", "Not Rated", F71<3, "Poor", F71<=4, "Average", F71<=4.5, "Good", F71>4.5, "Excellent")} -> Average
A72: Watercolour Gold Foil Textured Print Pillow Cover | B72: 345 | C72: 602 | D72: 0.43 | E72: 6 | F72: 2.3 | G72: =C72-B72 -> 257 | H72: =IF(B72<=500, "Budget", IF(B72<=1500, "Mid-Range", "Premium")) -> Budget | I72: =IF(D72<0.2, "Low ", IF(D72<=0.4, "Medium", "High")) -> High | J72: {=_xlfn.IFS(F72="Not Rated", "Not Rated", F72<3, "Poor", F72<=4, "Average", F72<=4.5, "Good", F72>4.5, "Excellent")} -> Poor
... A75: Electric LED UV Mosquito Killer Lamp, Outdoor/Indoor Fly Killer Trap Light -USB | B75: 1570 | C75: 2988 | D75: 0.47 | E75: 7 | F75: 2.1 | G75: =C75-B75 -> 1418 | H75: =IF(B75<=500, "Budget", IF(B75<=1500, "Mid-Range", "Premium")) -> Premium | I75: =IF(D75<0.2, "Low ", IF(D75<=0.4, "Medium", "High")) -> High | J75: {=_xlfn.IFS(F75="Not Rated", "Not Rated", F75<3, "Poor", F75<=4, "Average", F75<=4.5, "Good", F75>4.5, "Excellent")} -> Poor
A76: 2PCS/LOT Solar LED Outdoor Intelligent Light Controlled Wall Lamp | B76: 790 | C76: 1485 | D76: 0.47 | E76: 0 | F76: Not Rated | G76: =C76-B76 -> 695 | H76: =IF(B76<=500, "Budget", IF(B76<=1500, "Mid-Range", "Premium")) -> Mid-Range | I76: =IF(D76<0.2, "Low ", IF(D76<=0.4, "Medium", "High")) -> High | J76: {=_xlfn.IFS(F76="Not Rated", "Not Rated", F76<3, "Poor", F76<=4, "Average", F76<=4.5, "Good", F76>4.5, "Excellent")} -> Not Rated
A77: 3PCS Rotary Scraper Thermomix For Kitchen | B77: 690 | C77: 1200 | D77: 0.43 | E77: 0 | F77: Not Rated | G77: =C77-B77 -> 510 | H77: =IF(B77<=500, "Budget", IF(B77<=1500, "Mid-Range", "Premium")) -> Mid-Range | I77: =IF(D77<0.2, "Low ", IF(D77<=0.4, "Medium", "High")) -> High | J77: {=_xlfn.IFS(F77="Not Rated", "Not Rated", F77<3, "Poor", F77<=4, "Average", F77<=4.5, "Good", F77>4.5, "Excellent")} -> Not Rated
A78: Cushion Silicone Butt Cushion Summer Ice Cushion Honeycomb Gel Cushion | B78: 1732 | C78: 1799 | D78: 0.04 | E78: 0 | F78: Not Rated | G78: =C78-B78 -> 67 | H78: =IF(B78<=500, "Budget", IF(B78<=1500, "Mid-Range", "Premium")) -> Premium | I78: =IF(D78<0.2, "Low ", IF(D78<=0.4, "Medium", "High")) -> Low | J78: {=_xlfn.IFS(F78="Not Rated", "Not Rated", F78<3, "Poor", F78<=4, "Average", F78<=4.5, "Good", F78>4.5, "Excellent")} -> Not Rated
A79: 7PCS Silicone Thumb Knife Finger Protector Vegetable Harvesting Knife | B79: 230 | C79: 450 | D79: 0.49 | E79: 0 | F79: Not Rated | G79: =C79-B79 -> 220 | H79: =IF(B79<=500, "Budget", IF(B79<=1500, "Mid-Range", "Premium")) -> Budget | I79: =IF(D79<0.2, "Low ", IF(D79<=0.4, "Medium", "High")) -> High | J79: {=_xlfn.IFS(F79="Not Rated", "Not Rated", F79<3, "Poor", F79<=4, "Average", F79<=4.5, "Good", F79>4.5, "Excellent")} -> Not Rated
A80: Memory Foam Neck Pillow Cover, With Pillow Core - 50*30cm | B80: 1189 | C80: 2199 | D80: 0.46 | E80: 1 | F80: 3 | G80: =C80-B80 -> 1010 | H80: =IF(B80<=500, "Budget", IF(B80<=1500, "Mid-Range", "Premium")) -> Mid-Range | I80: =IF(D80<0.2, "Low ", IF(D80<=0.4, "Medium", "High")) -> High | J80: {=_xlfn.IFS(F80="Not Rated", "Not Rated", F80<3, "Poor", F80<=4, "Average", F80<=4.5, "Good", F80>4.5, "Excellent")} -> Average
A81: Bedroom Simple Floor Hanging Clothes Rack Single Pole Hat Rack - White | B81: 979 | C81: 1920 | D81: 0.49 | E81: 1 | F81: 5 | G81: =C81-B81 -> 941 | H81: =IF(B81<=500, "Budget", IF(B81<=1500, "Mid-Range", "Premium")) -> Mid-Range | I81: =IF(D81<0.2, "Low ", IF(D81<=0.4, "Medium", "High")) -> High | J81: {=_xlfn.IFS(F81="Not Rated", "Not Rated", F81<3, "Poor", F81<=4, "Average", F81<=4.5, "Good", F81>4.5, "Excellent")} -> Excellent
A82: 5m Waterproof Spherical LED String Lights Outdoor Ball Chain Lights Party Lighting Decoration Adjustable | B82: 1460 | C82: 2290 | D82: 0.36 | E82: 0 | F82: Not Rated | G82: =C82-B82 -> 830 | H82: =IF(B82<=500, "Budget", IF(B82<=1500, "Mid-Range", "Premium")) -> Mid-Range | I82: =IF(D82<0.2, "Low ", IF(D82<=0.4, "Medium", "High")) -> Medium | J82: {=_xlfn.IFS(F82="Not Rated", "Not Rated", F82<3, "Poor", F82<=4, "Average", F82<=4.5, "Good", F82>4.5, "Excellent")} -> Not Rated
A83: 2 Pairs Cowhide Split Leather Work Gloves.32â„‰ Or Above Welding Gloves | B83: 1666 | C83: 1699 | D83: 0.02 | E83: 0 | F83: Not Rated | G83: =C83-B83 -> 33 | H83: =IF(B83<=500, "Budget", IF(B83<=1500, "Mid-Range", "Premium")) -> Premium | I83: =IF(D83<0.2, "Low ", IF(D83<=0.4, "Medium", "High")) -> Low | J83: {=_xlfn.IFS(F83="Not Rated", "Not Rated", F83<3, "Poor", F83<=4, "Average", F83<=4.5, "Good", F83>4.5, "Excellent")} -> Not Rated
A84: Household Pineapple Peeler Peeler | B84: 330 | C84: 647 | D84: 0.49 | E84: 1 | F84: 4 | G84: =C84-B84 -> 317 | H84: =IF(B84<=500, "Budget", IF(B84<=1500, "Mid-Range", "Premium")) -> Budget | I84: =IF(D84<0.2, "Low ", IF(D84<=0.4, "Medium", "High")) -> High | J84: {=_xlfn.IFS(F84="Not Rated", "Not Rated", F84<3, "Poor", F84<=4, "Average", F84<=4.5, "Good", F84>4.5, "Excellent")} -> Average
A85: Creative Owl Shape Keychain Black | B85: 176 | C85: 345 | D85: 0.49 | E85: 0 | F85: Not Rated | G85: =C85-B85 -> 169 | H85: =IF(B85<=500, "Budget", IF(B85<=1500, "Mid-Range", "Premium")) -> Budget | I85: =IF(D85<0.2, "Low ", IF(D85<=0.4, "Medium", "High")) -> High | J85: {=_xlfn.IFS(F85="Not Rated", "Not Rated", F85<3, "Poor", F85<=4, "Average", F85<=4.5, "Good", F85>4.5, "Excellent")} -> Not Rated
A86: Office Chair Lumbar Back Support Spine Posture Correction Pillow Car Cushion | B86: 1466 | C86: 1699 | D86: 0.14 | E86: 0 | F86: Not Rated | G86: =C86-B86 -> 233 | H86: =IF(B86<=500, "Budget", IF(B86<=1500, "Mid-Range", "Premium")) -> Mid-Range | I86: =IF(D86<0.2, "Low ", IF(D86<=0.4, "Medium", "High")) -> Low | J86: {=_xlfn.IFS(F86="Not Rated", "Not Rated", F86<3, "Poor", F86<=4, "Average", F86<=4.5, "Good", F86>4.5, "Excellent")} -> Not Rated
A87: Cartoon Car Decoration Cute Individuality For Car Home Desk | B87: 274 | C87: 537 | D87: 0.49 | E87: 0 | F87: Not Rated | G87: =C87-B87 -> 263 | H87: =IF(B87<=500, "Budget", IF(B87<=1500, "Mid-Range", "Premium")) -> Budget | I87: =IF(D87<0.2, "Low ", IF(D87<=0.4, "Medium", "High")) -> High | J87: {=_xlfn.IFS(F87="Not Rated", "Not Rated", F87<3, "Poor", F87<=4, "Average", F87<=4.5, "Good", F87>4.5, "Excellent")} -> Not Rated
A88: Outdoor Portable Water Bottle With Medicine Box - 600ML - Black | B88: 799 | C88: 900 | D88: 0.11 | E88: 0 | F88: Not Rated | G88: =C88-B88 -> 101 | H88: =IF(B88<=500, "Budget", IF(B88<=1500, "Mid-Range", "Premium")) -> Mid-Range | I88: =IF(D88<0.2, "Low ", IF(D88<=0.4, "Medium", "High")) -> Low | J88: {=_xlfn.IFS(F88="Not Rated", "Not Rated", F88<3, "Poor", F88<=4, "Average", F88<=4.5, "Good", F88>4.5, "Excellent")} -> Not Rated
A89: Angle Measuring Tool Full Metal Multi Angle Measuring Tool | B89: 657 | C89: 1288 | D89: 0.49 | E89: 0 | F89: Not Rated | G89: =C89-B89 -> 631 | H89: =IF(B89<=500, "Budget", IF(B89<=1500, "Mid-Range", "Premium")) -> Mid-Range | I89: =IF(D89<0.2, "Low ", IF(D89<=0.4, "Medium", "High")) -> High | J89: {=_xlfn.IFS(F89="Not Rated", "Not Rated", F89<3, "Poor", F89<=4, "Average", F89<=4.5, "Good", F89>4.5, "Excellent")} -> Not Rated
A90: Wall-Mounted Toothbrush Toothpaste Holder With Multiple Slots | B90: 1468 | C90: 1699 | D90: 0.14 | E90: 0 | F90: Not Rated | G90: =C90-B90 -> 231 | H90: =IF(B90<=500, "Budget", IF(B90<=1500, "Mid-Range", "Premium")) -> Mid-Range | I90: =IF(D90<0.2, "Low ", IF(D90<=0.4, "Medium", "High")) -> Low | J90: {=_xlfn.IFS(F90="Not Rated", "Not Rated", F90<3, "Poor", F90<=4, "Average", F90<=4.5, "Good", F90>4.5, "Excellent")} -> Not Rated
A91: Multifunctional Hanging Storage Box Storage Bag (4 Layers) | B91: 630 | C91: 1100 | D91: 0.43 | E91: 0 | F91: Not Rated | G91: =C91-B91 -> 470 | H91: =IF(B91<=500, "Budget", IF(B91<=1500, "Mid-Range", "Premium")) -> Mid-Range | I91: =IF(D91<0.2, "Low ", IF(D91<=0.4, "Medium", "High")) -> High | J91: {=_xlfn.IFS(F91="Not Rated", "Not Rated", F91<3, "Poor", F91<=4, "Average", F91<=4.5, "Good", F91>4.5, "Excellent")} -> Not Rated
A92: Wall Clock With Hidden Safe Box | B92: 850 | C92: 1700 | D92: 0.5 | E92: 0 | F92: Not Rated | G92: =C92-B92 -> 850 | H92: =IF(B92<=500, "Budget", IF(B92<=1500, "Mid-Range", "Premium")) -> Mid-Range | I92: =IF(D92<0.2, "Low ", IF(D92<=0.4, "Medium", "High")) -> High | J92: {=_xlfn.IFS(F92="Not Rated", "Not Rated", F92<3, "Poor", F92<=4, "Average", F92<=4.5, "Good", F92>4.5, "Excellent")} -> Not Rated
A93: Portable Wine Table With Folding Round Table | B93: 1300 | C93: 2500 | D93: 0.48 | E93: 0 | F93: Not Rated | G93: =C93-B93 -> 1200 | H93: =IF(B93<=500, "Budget", IF(B93<=1500, "Mid-Range", "Premium")) -> Mid-Range | I93: =IF(D93<0.2, "Low ", IF(D93<=0.4, "Medium", "High")) -> High | J93: {=_xlfn.IFS(F93="Not Rated", "Not Rated", F93<3, "Poor", F93<=4, "Average", F93<=4.5, "Good", F93>4.5, "Excellent")} -> Not Rated
A94: Sewing Machine Needle Threader Stitch Insertion Tool Automatic Quick Sewing | B94: 105 | C94: 200 | D94: 0.48 | E94: 0 | F94: Not Rated | G94: =C94-B94 -> 95 | H94: =IF(B94<=500, "Budget", IF(B94<=1500, "Mid-Range", "Premium")) -> Budget | I94: =IF(D94<0.2, "Low ", IF(D94<=0.4, "Medium", "High")) -> High | J94: {=_xlfn.IFS(F94="Not Rated", "Not Rated", F94<3, "Poor", F94<=4, "Average", F94<=4.5, "Good", F94>4.5, "Excellent")} -> Not Rated
A95: 6 Layers Steel Pipe Assembling Dustproof Storage Shoe Cabinet | B95: 899 | C95: 1699 | D95: 0.47 | E95: 0 | F95: Not Rated | G95: =C95-B95 -> 800 | H95: =IF(B95<=500, "Budget", IF(B95<=1500, "Mid-Range", "Premium")) -> Mid-Range | I95: =IF(D95<0.2, "Low ", IF(D95<=0.4, "Medium", "High")) -> High | J95: {=_xlfn.IFS(F95="Not Rated", "Not Rated", F95<3, "Poor", F95<=4, "Average", F95<=4.5, "Good", F95>4.5, "Excellent")} -> Not Rated
A96: 2PCS Ice Silk Square Cushion Cover Pillowcases - 65x65cm | B96: 1200 | C96: 2400 | D96: 0.5 | E96: 0 | F96: Not Rated | G96: =C96-B96 -> 1200 | H96: =IF(B96<=500, "Budget", IF(B96<=1500, "Mid-Range", "Premium")) -> Mid-Range | I96: =IF(D96<0.2, "Low ", IF(D96<=0.4, "Medium", "High")) -> High | J96: {=_xlfn.IFS(F96="Not Rated", "Not Rated", F96<3, "Poor", F96<=4, "Average", F96<=4.5, "Good", F96>4.5, "Excellent")} -> Not Rated
... A102: 8in1 Screwdriver With LED Light | B102: 1080 | C102: 1874 | D102: 0.42 | E102: 0 | F102: Not Rated | G102: =C102-B102 -> 794 | H102: =IF(B102<=500, "Budget", IF(B102<=1500, "Mid-Range", "Premium")) -> Mid-Range | I102: =IF(D102<0.2, "Low ", IF(D102<=0.4, "Medium", "High")) -> High | J102: {=_xlfn.IFS(F102="Not Rated", "Not Rated", F102<3, "Poor", F102<=4, "Average", F102<=4.5, "Good", F102>4.5, "Excellent")} -> Not Rated
A103: Konka Healty Electric Kettle, 24-hour Heat Preservation,1.5L,800W, White | B103: 3640 | C103: 4588 | D103: 0.21 | E103: 1 | F103: 5 | G103: =C103-B103 -> 948 | H103: =IF(B103<=500, "Budget", IF(B103<=1500, "Mid-Range", "Premium")) -> Premium | I103: =IF(D103<0.2, "Low ", IF(D103<=0.4, "Medium", "High")) -> Medium | J103: {=_xlfn.IFS(F103="Not Rated", "Not Rated", F103<3, "Poor", F103<=4, "Average", F103<=4.5, "Good", F103>4.5, "Excellent")} -> Excellent
A104: 9pcs Gas Mask, For Painting, Dust, Formaldehyde Grinding, Polishing | B104: 1420 | C104: 2420 | D104: 0.41 | E104: 0 | F104: Not Rated | G104: =C104-B104 -> 1000 | H104: =IF(B104<=500, "Budget", IF(B104<=1500, "Mid-Range", "Premium")) -> Mid-Range | I104: =IF(D104<0.2, "Low ", IF(D104<=0.4, "Medium", "High")) -> High | J104: {=_xlfn.IFS(F104="Not Rated", "Not Rated", F104<3, "Poor", F104<=4, "Average", F104<=4.5, "Good", F104>4.5, "Excellent")} -> Not Rated
A105: 24 Grid Wall-mounted Sundries Organiser Fabric Closet Bag Storage Rack | B105: 1875 | C105: 1899 | D105: 0.01 | E105: 0 | F105: Not Rated | G105: =C105-B105 -> 24 | H105: =IF(B105<=500, "Budget", IF(B105<=1500, "Mid-Range", "Premium")) -> Premium | I105: =IF(D105<0.2, "Low ", IF(D105<=0.4, "Medium", "High")) -> Low | J105: {=_xlfn.IFS(F105="Not Rated", "Not Rated", F105<3, "Poor", F105<=4, "Average", F105<=4.5, "Good", F105>4.5, "Excellent")} -> Not Rated
A106: 1PC Refrigerator Food Seal Pocket Fridge Bags | B106: 198 | C106: 260 | D106: 0.24 | E106: 0 | F106: Not Rated | G106: =C106-B106 -> 62 | H106: =IF(B106<=500, "Budget", IF(B106<=1500, "Mid-Range", "Premium")) -> Budget | I106: =IF(D106<0.2, "Low ", IF(D106<=0.4, "Medium", "High")) -> Medium | J106: {=_xlfn.IFS(F106="Not Rated", "Not Rated", F106<3, "Poor", F106<=4, "Average", F106<=4.5, "Good", F106>4.5, "Excellent")} -> Not Rated
A107: LED Solar Street Light-fake Camera | B107: 1150 | C107: 1737 | D107: 0.34 | E107: 0 | F107: Not Rated | G107: =C107-B107 -> 587 | H107: =IF(B107<=500, "Budget", IF(B107<=1500, "Mid-Range", "Premium")) -> Mid-Range | I107: =IF(D107<0.2, "Low ", IF(D107<=0.4, "Medium", "High")) -> Medium | J107: {=_xlfn.IFS(F107="Not Rated", "Not Rated", F107<3, "Poor", F107<=4, "Average", F107<=4.5, "Good", F107>4.5, "Excellent")} -> Not Rated
A108: Cartoon Embroidered Mini Towel Bear Cotton Wash Cloth Hand 4pcs | B108: 1190 | C108: 1810 | D108: 0.34 | E108: 0 | F108: Not Rated | G108: =C108-B108 -> 620 | H108: =IF(B108<=500, "Budget", IF(B108<=1500, "Mid-Range", "Premium")) -> Mid-Range | I108: =IF(D108<0.2, "Low ", IF(D108<=0.4, "Medium", "High")) -> Medium | J108: {=_xlfn.IFS(F108="Not Rated", "Not Rated", F108<3, "Poor", F108<=4, "Average", F108<=4.5, "Good", F108>4.5, "Excellent")} -> Not Rated
A109: Shower Nozzle Cleaning Unclogging Needle Mini Crevice Small Hole Cleaning Brush | B109: 1658 | C109: 1699 | D109: 0.02 | E109: 0 | F109: Not Rated | G109: =C109-B109 -> 41 | H109: =IF(B109<=500, "Budget", IF(B109<=1500, "Mid-Range", "Premium")) -> Premium | I109: =IF(D109<0.2, "Low ", IF(D109<=0.4, "Medium", "High")) -> Low | J109: {=_xlfn.IFS(F109="Not Rated", "Not Rated", F109<3, "Poor", F109<=4, "Average", F109<=4.5, "Good", F109>4.5, "Excellent")} -> Not Rated
A110: Thickening Multipurpose Non Stick Easy To Clean Heat Resistant Spoon Pad | B110: 1768 | C110: 1799 | D110: 0.02 | E110: 0 | F110: Not Rated | G110: =C110-B110 -> 31 | H110: =IF(B110<=500, "Budget", IF(B110<=1500, "Mid-Range", "Premium")) -> Premium | I110: =IF(D110<0.2, "Low ", IF(D110<=0.4, "Medium", "High")) -> Low | J110: {=_xlfn.IFS(F110="Not Rated", "Not Rated", F110<3, "Poor", F110<=4, "Average", F110<=4.5, "Good", F110>4.5, "Excellent")} -> Not Rated
A111: 6 In 1 Bottle Can Opener Multifunctional Easy Opener | B111: 199 | C111: 553 | D111: 0.64 | E111: 0 | F111: Not Rated | G111: =C111-B111 -> 354 | H111: =IF(B111<=500, "Budget", IF(B111<=1500, "Mid-Range", "Premium")) -> Budget | I111: =IF(D111<0.2, "Low ", IF(D111<=0.4, "Medium", "High")) -> High | J111: {=_xlfn.IFS(F111="Not Rated", "Not Rated", F111<3, "Poor", F111<=4, "Average", F111<=4.5, "Good", F111>4.5, "Excellent")} -> Not Rated
A112: Wall-mounted Sticker Punch-free Plug Fixer | B112: 450 | C112: 900 | D112: 0.5 | E112: 1 | F112: 2 | G112: =C112-B112 -> 450 | H112: =IF(B112<=500, "Budget", IF(B112<=1500, "Mid-Range", "Premium")) -> Budget | I112: =IF(D112<0.2, "Low ", IF(D112<=0.4, "Medium", "High")) -> High | J112: {=_xlfn.IFS(F112="Not Rated", "Not Rated", F112<3, "Poor", F112<=4, "Average", F112<=4.5, "Good", F112>4.5, "Excellent")} -> Poor
A113: Black Simple Water Cup Wine Coaster Anti Slip Absorbent | B113: 169 | C113: 320 | D113: 0.47 | E113: 0 | F113: Not Rated | G113: =C113-B113 -> 151 | H113: =IF(B113<=500, "Budget", IF(B113<=1500, "Mid-Range", "Premium")) -> Budget | I113: =IF(D113<0.2, "Low ", IF(D113<=0.4, "Medium", "High")) -> High | J113: {=_xlfn.IFS(F113="Not Rated", "Not Rated", F113<3, "Poor", F113<=4, "Average", F113<=4.5, "Good", F113>4.5, "Excellent")} -> Not Rated

Sheet Dashboard analysis
H2: Discount Category
A3: Total Products | B3: =COUNTA('[1]Cleaned Data'!A2:A113) -> 112 | H3: Row Labels | I3: Sum of Review | J3: Count of Product
A4: Total Reviews | B4: =SUM(jumia_clean_dataset!E2:E113) -> 723 | H4: High | I4: 334 | J4: 62
A5: Avg Current Price | B5: =AVERAGE(jumia_clean_dataset!B2:B113) -> 1186.8929 | H5: Low | I5: 38 | J5: 18
A6: Avg Old Price | B6: =AVERAGE(jumia_clean_dataset!C2:C113) -> 1811.1071 | H6: Medium | I6: 351 | J6: 32
A7: Avg Discount % | B7: =AVERAGE(jumia_clean_dataset!D2:D113) -> 0.36776786 | H7: Grand Total | I7: 723 | J7: 112
A8: Avg Product Rating | B8: =AVERAGEIF(jumia_clean_dataset!F2:F113, "<>Not Rated") -> 3.8894737
A10: Price Category | H10: Rating Category
A11: Row Labels | B11: Sum of Review | C11: Count of Product | H11: Row Labels | I11: Sum of Review | J11: Count of Product
A12: Budget | B12: 232 | C12: 29 | H12: Average | I12: 93 | J12: 13
A13: Mid-Range | B13: 209 | C13: 46 | H13: Excellent | I13: 289 | J13: 19
A14: Premium | B14: 282 | C14: 37 | H14: Good | I14: 172 | J14: 13
A15: Grand Total | B15: 723 | C15: 112 | H15: Not Rated | I15: 0 | J15: 55
H16: Poor | I16: 169 | J16: 12
H17: Grand Total | I17: 723 | J17: 112
A19: Extreme Category | B19: Product Name | C19: Price(Ksh)
A20: Most Expensive Product | B20: =INDEX(jumia_clean_dataset!$A$2:$A$113, MATCH(C20, jumia_clean_dataset!$B$2:$B$113, 0)) -> 32PCS Portable Cordless Drill Set With Cyclic Battery Drive -26 Variable Speed | C20: =MAX(jumia_clean_dataset!B2:B113) -> 3750
A21: Least Expensice Product | B21: =INDEX(jumia_clean_dataset!$A$2:$A$113, MATCH(C21, jumia_clean_dataset!$B$2:$B$113, 0)) -> 3PCS Single Head Knitting Crochet Sweater Needle Set | C21: =MIN(jumia_clean_dataset!B2:B113) -> 38

Sheet Dashboard
